{"WIN_20191024_14_29_53_Pro.jpg41439":{"filename":"WIN_20191024_14_29_53_Pro.jpg","size":41439,"regions":[{"shape_attributes":{"name":"polygon","all_points_x":[300,319,373,423,454,485,466,442,422,372,348],"all_points_y":[112,66,45,45,47,102,169,293,321,319,310]},"region_attributes":{"name":"cup"}}],"file_attributes":{}},"WIN_20191024_14_29_52_Pro.jpg41834":{"filename":"WIN_20191024_14_29_52_Pro.jpg","size":41834,"regions":[{"shape_attributes":{"name":"polygon","all_points_x":[38,5,24,63,107,166,198,216,207,192,168,106,68],"all_points_y":[221,174,128,108,108,110,138,169,215,354,390,392,369]},"region_attributes":{"name":"cup"}}],"file_attributes":{}},"WIN_20191024_14_29_51_Pro.jpg41603":{"filename":"WIN_20191024_14_29_51_Pro.jpg","size":41603,"regions":[{"shape_attributes":{"name":"polygon","all_points_x":[140,121,136,155,225,278,291,291,297,274,216],"all_points_y":[156,123,69,55,41,61,104,157,260,284,291]},"region_attributes":{"name":"cup"}}],"file_attributes":{}},"WIN_20191024_14_29_48_Pro.jpg42257":{"filename":"WIN_20191024_14_29_48_Pro.jpg","size":42257,"regions":[{"shape_attributes":{"name":"polygon","all_points_x":[181,182,242,320,340,330,298,241],"all_points_y":[173,98,71,72,129,282,313,303]},"region_attributes":{"name":"cup"}}],"file_attributes":{}},"WIN_20191024_14_29_47_Pro (2).jpg47032":{"filename":"WIN_20191024_14_29_47_Pro (2).jpg","size":47032,"regions":[{"shape_attributes":{"name":"polygon","all_points_x":[183,181,222,261,302,347,344,347,319,285,244],"all_points_y":[227,164,125,119,119,157,200,341,369,374,350]},"region_attributes":{"name":"cup"}}],"file_attributes":{}},"WIN_20191024_14_29_47_Pro.jpg39926":{"filename":"WIN_20191024_14_29_47_Pro.jpg","size":39926,"regions":[{"shape_attributes":{"name":"polygon","all_points_x":[130,105,119,173,224,298,333,326,323,296,247,206],"all_points_y":[274,233,161,132,121,142,180,246,369,407,415,404]},"region_attributes":{"name":"cup"}}],"file_attributes":{}},"WIN_20191024_14_29_37_Pro.jpg41144":{"filename":"WIN_20191024_14_29_37_Pro.jpg","size":41144,"regions":[{"shape_attributes":{"name":"polygon","all_points_x":[361,344,369,397,442,513,532,517,464,433,375,322],"all_points_y":[166,109,108,130,115,138,203,271,284,325,321,265]},"region_attributes":{"name":"cup"}}],"file_attributes":{}},"WIN_20191024_14_29_33_Pro.jpg34427":{"filename":"WIN_20191024_14_29_33_Pro.jpg","size":34427,"regions":[{"shape_attributes":{"name":"polygon","all_points_x":[333,346,376,416,473,505,511,503,454,409,369],"all_points_y":[17,63,179,200,192,167,11,25,62,66,68]},"region_attributes":{"name":"cup"}}],"file_attributes":{}},"WIN_20191024_14_29_32_Pro.jpg38081":{"filename":"WIN_20191024_14_29_32_Pro.jpg","size":38081,"regions":[{"shape_attributes":{"name":"polygon","all_points_x":[323,347,400,482,494,498,498,464,417,365],"all_points_y":[117,74,55,50,69,105,233,273,278,250]},"region_attributes":{"name":"cup"}}],"file_attributes":{}},"WIN_20191024_14_29_31_Pro (2).jpg37184":{"filename":"WIN_20191024_14_29_31_Pro (2).jpg","size":37184,"regions":[{"shape_attributes":{"name":"polygon","all_points_x":[327,361,437,486,517,528,518,483,423,374],"all_points_y":[74,36,18,19,32,59,229,257,265,239]},"region_attributes":{"name":"cup"}}],"file_attributes":{}},"WIN_20191024_14_29_31_Pro.jpg41656":{"filename":"WIN_20191024_14_29_31_Pro.jpg","size":41656,"regions":[{"shape_attributes":{"name":"polygon","all_points_x":[184,208,253,303,355,402,392,408,325,267,235],"all_points_y":[169,118,111,103,102,136,173,335,393,376,357]},"region_attributes":{"name":"cup"}}],"file_attributes":{}},"WIN_20191024_14_29_30_Pro.jpg46218":{"filename":"WIN_20191024_14_29_30_Pro.jpg","size":46218,"regions":[{"shape_attributes":{"name":"polygon","all_points_x":[150,159,226,339,375,381,342,265,215],"all_points_y":[237,188,157,157,175,390,427,451,420]},"region_attributes":{"name":"cup"}}],"file_attributes":{}},"WIN_20191024_14_29_28_Pro.jpg53556":{"filename":"WIN_20191024_14_29_28_Pro.jpg","size":53556,"regions":[{"shape_attributes":{"name":"polygon","all_points_x":[438,419,482,535,602,611,609,578,531,500,454],"all_points_y":[238,195,165,155,170,199,371,406,405,400,370]},"region_attributes":{"name":"cup"}}],"file_attributes":{}},"WIN_20191024_14_29_27_Pro.jpg49878":{"filename":"WIN_20191024_14_29_27_Pro.jpg","size":49878,"regions":[{"shape_attributes":{"name":"polygon","all_points_x":[354,401,493,529,541,539,511,449,387],"all_points_y":[176,111,109,127,151,317,333,350,318]},"region_attributes":{"name":"cup"}}],"file_attributes":{}},"WIN_20191024_14_29_26_Pro (2).jpg39794":{"filename":"WIN_20191024_14_29_26_Pro (2).jpg","size":39794,"regions":[{"shape_attributes":{"name":"polygon","all_points_x":[296,308,351,401,436,482,468,465,395,357],"all_points_y":[196,125,104,96,105,148,203,296,329,315]},"region_attributes":{"name":"cup"}}],"file_attributes":{}},"WIN_20191024_14_29_26_Pro.jpg38284":{"filename":"WIN_20191024_14_29_26_Pro.jpg","size":38284,"regions":[{"shape_attributes":{"name":"polygon","all_points_x":[249,265,311,356,434,424,429,436,411,380,317],"all_points_y":[177,110,91,75,109,152,192,264,288,310,297]},"region_attributes":{"name":"cup"}}],"file_attributes":{}},"WIN_20191024_14_29_25_Pro.jpg37758":{"filename":"WIN_20191024_14_29_25_Pro.jpg","size":37758,"regions":[{"shape_attributes":{"name":"polygon","all_points_x":[249,213,239,304,365,402,400,414,384,355,294],"all_points_y":[197,159,95,56,72,98,160,250,295,298,291]},"region_attributes":{"name":"cup"}}],"file_attributes":{}},"WIN_20191024_14_29_24_Pro (2).jpg37837":{"filename":"WIN_20191024_14_29_24_Pro (2).jpg","size":37837,"regions":[{"shape_attributes":{"name":"polygon","all_points_x":[232,272,332,418,411,418,385,343,289],"all_points_y":[167,81,71,105,169,256,290,298,289]},"region_attributes":{"name":"cup"}}],"file_attributes":{}},"WIN_20191024_14_29_24_Pro.jpg36479":{"filename":"WIN_20191024_14_29_24_Pro.jpg","size":36479,"regions":[{"shape_attributes":{"name":"polygon","all_points_x":[173,171,226,289,349,349,368,348,299,235],"all_points_y":[168,97,51,50,70,135,247,285,299,287]},"region_attributes":{"name":"cup"}}],"file_attributes":{}},"WIN_20191024_14_29_23_Pro.jpg37635":{"filename":"WIN_20191024_14_29_23_Pro.jpg","size":37635,"regions":[{"shape_attributes":{"name":"polygon","all_points_x":[133,110,166,271,309,321,331,304,253,199],"all_points_y":[173,127,46,38,75,146,224,269,289,271]},"region_attributes":{"name":"cup"}}],"file_attributes":{}},"WIN_20191024_14_29_06_Pro.jpg43458":{"filename":"WIN_20191024_14_29_06_Pro.jpg","size":43458,"regions":[{"shape_attributes":{"name":"polygon","all_points_x":[401,415,451,522,554,547,513,472,437,407],"all_points_y":[198,164,147,158,181,210,336,350,337,314]},"region_attributes":{"name":"cup"}}],"file_attributes":{}},"WIN_20191024_14_29_05_Pro (2).jpg43797":{"filename":"WIN_20191024_14_29_05_Pro (2).jpg","size":43797,"regions":[{"shape_attributes":{"name":"polygon","all_points_x":[412,444,477,556,562,571,533,506,464,429],"all_points_y":[175,148,138,153,165,212,313,335,340,316]},"region_attributes":{"name":"cup"}}],"file_attributes":{}}}